{
    "root_group": {
        "checks": {
            "status is 200": {
                "passes": 1358,
                "fails": 0,
                "name": "status is 200",
                "path": "::status is 200",
                "id": "6210a8cd14cd70477eba5c5e4cb3fb5f"
            }
        },
        "name": "",
        "path": "",
        "id": "d41d8cd98f00b204e9800998ecf8427e",
        "groups": {}
    },
    "metrics": {
        "http_req_connecting": {
            "p(95)": 0.22241409999999998,
            "avg": 1.5852003991163472,
            "min": 0,
            "med": 0,
            "max": 112.420129,
            "p(90)": 0
        },
        "data_sent": {
            "count": 195552,
            "rate": 6261.029853314666
        },
        "data_received": {
            "count": 57076685,
            "rate": 1827436.3274895546
        },
        "iteration_duration": {
            "p(95)": 2981.1501392999994,
            "avg": 2266.2618681288677,
            "min": 186.10861,
            "med": 2389.8293400000002,
            "max": 4456.88307,
            "p(90)": 2812.6316897999995
        },
        "http_req_failed": {
            "passes": 0,
            "fails": 1358,
            "value": 0
        },
        "http_req_sending": {
            "p(95)": 2.486968349999998,
            "avg": 4.5823659668630246,
            "min": 0.002735,
            "med": 0.010163499999999999,
            "max": 113.686489,
            "p(90)": 0.0193493
        },
        "iterations": {
            "count": 1358,
            "rate": 43.47937398135185
        },
        "http_req_blocked": {
            "p(95)": 2.1296944499999864,
            "avg": 3.698690878497787,
            "min": 0.000792,
            "med": 0.0031904999999999998,
            "max": 115.806476,
            "p(90)": 0.004870899999999999
        },
        "vus": {
            "value": 39,
            "min": 39,
            "max": 100
        },
        "http_reqs": {
            "count": 1358,
            "rate": 43.47937398135185
        },
        "http_req_duration{expected_response:true}": {
            "max": 4454.337604,
            "p(90)": 2803.3240923999997,
            "p(95)": 2951.2960585999986,
            "avg": 2262.5079615861546,
            "min": 183.703656,
            "med": 2388.2970195
        },
        "http_req_duration": {
            "avg": 2262.5079615861546,
            "min": 183.703656,
            "med": 2388.2970195,
            "max": 4454.337604,
            "p(90)": 2803.3240923999997,
            "p(95)": 2951.2960585999986
        },
        "http_req_tls_handshaking": {
            "min": 0,
            "med": 0,
            "max": 0,
            "p(90)": 0,
            "p(95)": 0,
            "avg": 0
        },
        "http_req_receiving": {
            "avg": 0.14103729675994092,
            "min": 0.021031,
            "med": 0.08885950000000001,
            "max": 10.964842,
            "p(90)": 0.16302219999999995,
            "p(95)": 0.2631693499999995
        },
        "checks": {
            "passes": 1358,
            "fails": 0,
            "value": 1
        },
        "vus_max": {
            "min": 100,
            "max": 100,
            "value": 100
        },
        "http_req_waiting": {
            "avg": 2257.7845583225317,
            "min": 183.28206,
            "med": 2386.417219,
            "max": 4340.919573,
            "p(90)": 2800.5933462000003,
            "p(95)": 2940.62394655
        }
    }
}