{
    "root_group": {
        "name": "",
        "path": "",
        "id": "d41d8cd98f00b204e9800998ecf8427e",
        "groups": {},
        "checks": {
                "status is 200": {
                    "id": "6210a8cd14cd70477eba5c5e4cb3fb5f",
                    "passes": 2049,
                    "fails": 9,
                    "name": "status is 200",
                    "path": "::status is 200"
                }
            }
    },
    "metrics": {
        "http_req_waiting": {
            "min": 440.447621,
            "med": 22153.991787,
            "max": 29314.275743,
            "p(90)": 25395.941692,
            "p(95)": 26491.5610134,
            "avg": 20095.799082744452
        },
        "http_req_receiving": {
            "p(90)": 0.18033349999999998,
            "p(95)": 0.30286289999999993,
            "avg": 0.1796823935860059,
            "min": 0.022437,
            "med": 0.09782450000000001,
            "max": 49.756055
        },
        "http_reqs": {
            "count": 2058,
            "rate": 42.78507605014846
        },
        "checks": {
            "passes": 2049,
            "fails": 9,
            "value": 0.9956268221574344
        },
        "data_sent": {
            "count": 296352,
            "rate": 6161.050951221378
        },
        "iterations": {
            "count": 2058,
            "rate": 42.78507605014846
        },
        "vus_max": {
            "value": 1000,
            "min": 1000,
            "max": 1000
        },
        "http_req_duration": {
            "p(95)": 26492.30095235,
            "avg": 20096.83379169489,
            "min": 441.577841,
            "med": 22154.103213,
            "max": 29318.879503,
            "p(90)": 25396.3780836
        },
        "http_req_blocked": {
            "p(90)": 260.7641204,
            "p(95)": 262.8112854,
            "avg": 111.24701205053424,
            "min": 0.00087,
            "med": 0.005764,
            "max": 271.114385
        },
        "http_req_sending": {
            "max": 10.166908,
            "p(90)": 3.4918644999999993,
            "p(95)": 4.917305999999997,
            "avg": 0.8550265568513127,
            "min": 0.003602,
            "med": 0.019611
        },
        "http_req_failed": {
            "passes": 9,
            "fails": 2049,
            "value": 0.004373177842565598
        },
        "data_received": {
            "rate": 1790411.3397142119,
            "count": 86120369
        },
        "vus": {
            "min": 83,
            "max": 1000,
            "value": 83
        },
        "http_req_connecting": {
            "avg": 37.65188628231289,
            "min": 0,
            "med": 0,
            "max": 256.490683,
            "p(90)": 156.4566169,
            "p(95)": 206.89894295
        },
        "iteration_duration": {
            "avg": 20208.427617494657,
            "min": 696.120151,
            "med": 22197.004114,
            "max": 29319.894987,
            "p(90)": 25514.133528299997,
            "p(95)": 26651.54560665
        },
        "http_req_duration{expected_response:true}": {
            "max": 29318.879503,
            "p(90)": 25398.5550932,
            "p(95)": 26495.5539704,
            "avg": 20118.235354231372,
            "min": 441.577841,
            "med": 22184.558601
        },
        "http_req_tls_handshaking": {
            "avg": 0,
            "min": 0,
            "med": 0,
            "max": 0,
            "p(90)": 0,
            "p(95)": 0
        }
    }
}