{
    "metrics": {
        "http_req_duration{expected_response:true}": {
            "max": 1297.454785,
            "p(90)": 245.02041639999996,
            "p(95)": 272.2006337999999,
            "avg": 161.23641673871202,
            "min": 9.522973,
            "med": 158.114398
        },
        "http_req_waiting": {
            "p(95)": 268.79149479999995,
            "avg": 157.99497859453544,
            "min": 9.355267,
            "med": 155.176589,
            "max": 1297.161006,
            "p(90)": 241.48403999999996
        },
        "vus_max": {
            "value": 1000,
            "min": 1000,
            "max": 1000
        },
        "http_req_blocked": {
            "avg": 0.31953850644777565,
            "min": 0.000384,
            "med": 0.001545,
            "max": 206.231492,
            "p(90)": 0.003463399999999994,
            "p(95)": 0.004665
        },
        "data_sent": {
            "count": 26543088,
            "rate": 880304.5275037406
        },
        "iteration_duration": {
            "avg": 162.53378157041485,
            "min": 9.58272,
            "med": 159.144833,
            "max": 1418.77757,
            "p(90)": 246.2904538,
            "p(95)": 273.7348035999997
        },
        "http_req_sending": {
            "avg": 0.349870497225044,
            "min": 0.001459,
            "med": 0.00544,
            "max": 74.355689,
            "p(90)": 0.03080479999999999,
            "p(95)": 0.089309
        },
        "http_req_failed": {
            "passes": 0,
            "fails": 184327,
            "value": 0
        },
        "iterations": {
            "rate": 6113.225885442644,
            "count": 184327
        },
        "data_received": {
            "count": 7747263671,
            "rate": 256938879.35520354
        },
        "http_req_connecting": {
            "avg": 0.29058777331047536,
            "min": 0,
            "med": 0,
            "max": 202.850762,
            "p(90)": 0,
            "p(95)": 0
        },
        "http_req_tls_handshaking": {
            "med": 0,
            "max": 0,
            "p(90)": 0,
            "p(95)": 0,
            "avg": 0,
            "min": 0
        },
        "http_reqs": {
            "count": 184327,
            "rate": 6113.225885442644
        },
        "http_req_receiving": {
            "avg": 2.891567646948034,
            "min": 0.01542,
            "med": 0.046618,
            "max": 180.447367,
            "p(90)": 2.2833457999999998,
            "p(95)": 23.98735319999988
        },
        "checks": {
            "passes": 184327,
            "fails": 0,
            "value": 1
        },
        "http_req_duration": {
            "avg": 161.23641673871202,
            "min": 9.522973,
            "med": 158.114398,
            "max": 1297.454785,
            "p(90)": 245.02041639999996,
            "p(95)": 272.2006337999999
        },
        "vus": {
            "value": 1000,
            "min": 1000,
            "max": 1000
        }
    },
    "root_group": {
        "name": "",
        "path": "",
        "id": "d41d8cd98f00b204e9800998ecf8427e",
        "groups": {},
        "checks": {
                "status is 200": {
                    "name": "status is 200",
                    "path": "::status is 200",
                    "id": "6210a8cd14cd70477eba5c5e4cb3fb5f",
                    "passes": 184327,
                    "fails": 0
                }
            }
    }
}