{
    "metrics": {
        "iterations": {
            "count": 118642,
            "rate": 3954.422588215647
        },
        "http_req_receiving": {
            "p(95)": 0.3492879,
            "avg": 0.10587628791658694,
            "min": 0.013315,
            "med": 0.0593995,
            "max": 6.401239,
            "p(90)": 0.2110699
        },
        "http_req_connecting": {
            "p(90)": 0,
            "p(95)": 0,
            "avg": 0.00001552725847507628,
            "min": 0,
            "med": 0,
            "max": 0.418243
        },
        "vus": {
            "value": 10,
            "min": 10,
            "max": 10
        },
        "iteration_duration": {
            "p(90)": 3.6066408000000005,
            "p(95)": 4.111081049999999,
            "avg": 2.5191322741440136,
            "min": 1.182535,
            "med": 2.291222,
            "max": 36.097537
        },
        "http_req_blocked": {
            "med": 0.002001,
            "max": 1.609789,
            "p(90)": 0.003016,
            "p(95)": 0.003523,
            "avg": 0.0026061793546973194,
            "min": 0.000407
        },
        "http_req_tls_handshaking": {
            "max": 0,
            "p(90)": 0,
            "p(95)": 0,
            "avg": 0,
            "min": 0,
            "med": 0
        },
        "http_req_duration{expected_response:true}": {
            "min": 1.150544,
            "med": 2.2256215,
            "max": 34.717716,
            "p(90)": 3.5264590000000005,
            "p(95)": 4.027968499999998,
            "avg": 2.451606610213901
        },
        "checks": {
            "fails": 0,
            "passes": 118642,
            "value": 1
        },
        "http_req_duration": {
            "min": 1.150544,
            "med": 2.2256215,
            "max": 34.717716,
            "p(90)": 3.5264590000000005,
            "p(95)": 4.027968499999998,
            "avg": 2.451606610213901
        },
        "vus_max": {
            "value": 10,
            "min": 10,
            "max": 10
        },
        "http_req_sending": {
            "min": 0.00144,
            "med": 0.006444,
            "max": 2.828562,
            "p(90)": 0.010203900000000009,
            "p(95)": 0.014061949999999997,
            "avg": 0.009886585939212001
        },
        "http_req_failed": {
            "passes": 0,
            "fails": 118642,
            "value": 0
        },
        "http_reqs": {
            "count": 118642,
            "rate": 3954.422588215647
        },
        "data_received": {
            "count": 4986510797,
            "rate": 166203965.9820132
        },
        "http_req_waiting": {
            "p(90)": 3.3499747000000006,
            "p(95)": 3.834641449999998,
            "avg": 2.335843736358132,
            "min": 1.081794,
            "med": 2.1308030000000002,
            "max": 33.553951
        },
        "data_sent": {
            "rate": 569436.8527030532,
            "count": 17084448
        }
    },
    "root_group": {
        "id": "d41d8cd98f00b204e9800998ecf8427e",
        "groups": {},
        "checks": {
                "status is 200": {
                    "id": "6210a8cd14cd70477eba5c5e4cb3fb5f",
                    "passes": 118642,
                    "fails": 0,
                    "name": "status is 200",
                    "path": "::status is 200"
                }
            },
        "name": "",
        "path": ""
    }
}