{
    "root_group": {
        "groups": {},
        "checks": {
                "status is 200": {
                    "fails": 0,
                    "name": "status is 200",
                    "path": "::status is 200",
                    "id": "6210a8cd14cd70477eba5c5e4cb3fb5f",
                    "passes": 1219
                }
            },
        "name": "",
        "path": "",
        "id": "d41d8cd98f00b204e9800998ecf8427e"
    },
    "metrics": {
        "data_sent": {
            "count": 175536,
            "rate": 5797.292551303331
        },
        "http_req_blocked": {
            "max": 0.925937,
            "p(90)": 0.004166800000000001,
            "p(95)": 0.004601099999999999,
            "avg": 0.009726963084495468,
            "min": 0.001024,
            "med": 0.00319
        },
        "http_req_failed": {
            "passes": 0,
            "fails": 1219,
            "value": 0
        },
        "vus_max": {
            "value": 10,
            "min": 10,
            "max": 10
        },
        "data_received": {
            "count": 51234527,
            "rate": 1692083.3432837103
        },
        "iterations": {
            "count": 1219,
            "rate": 40.25897605071757
        },
        "checks": {
            "passes": 1219,
            "fails": 0,
            "value": 1
        },
        "iteration_duration": {
            "max": 458.01275,
            "p(90)": 412.1055644,
            "p(95)": 418.2324797,
            "avg": 246.98252194831818,
            "min": 128.250718,
            "med": 201.512325
        },
        "http_req_duration": {
            "med": 201.348351,
            "max": 456.958866,
            "p(90)": 412.0074464,
            "p(95)": 417.94672549999996,
            "avg": 246.85920810172286,
            "min": 128.127683
        },
        "http_req_connecting": {
            "avg": 0.0014048228055783428,
            "min": 0,
            "med": 0,
            "max": 0.412539,
            "p(90)": 0,
            "p(95)": 0
        },
        "http_req_waiting": {
            "avg": 246.6877971328957,
            "min": 127.977803,
            "med": 201.256196,
            "max": 456.275132,
            "p(90)": 411.9155164,
            "p(95)": 417.6766789
        },
        "http_req_sending": {
            "max": 2.715195,
            "p(90)": 0.014139800000000004,
            "p(95)": 0.032657099999999994,
            "avg": 0.02675112797374897,
            "min": 0.002985,
            "med": 0.00994
        },
        "http_req_duration{expected_response:true}": {
            "min": 128.127683,
            "med": 201.348351,
            "max": 456.958866,
            "p(90)": 412.0074464,
            "p(95)": 417.94672549999996,
            "avg": 246.85920810172286
        },
        "vus": {
            "max": 10,
            "value": 10,
            "min": 10
        },
        "http_reqs": {
            "count": 1219,
            "rate": 40.25897605071757
        },
        "http_req_tls_handshaking": {
            "avg": 0,
            "min": 0,
            "med": 0,
            "max": 0,
            "p(90)": 0,
            "p(95)": 0
        },
        "http_req_receiving": {
            "p(95)": 0.4167276999999998,
            "avg": 0.14465984085315814,
            "min": 0.024537,
            "med": 0.105256,
            "max": 1.545024,
            "p(90)": 0.2342186000000002
        }
    }
}