{
    "root_group": {
        "name": "",
        "path": "",
        "id": "d41d8cd98f00b204e9800998ecf8427e",
        "groups": {},
        "checks": {
                "status is 200": {
                    "name": "status is 200",
                    "path": "::status is 200",
                    "id": "6210a8cd14cd70477eba5c5e4cb3fb5f",
                    "passes": 201091,
                    "fails": 0
                }
            }
    },
    "metrics": {
        "http_req_connecting": {
            "avg": 0.0056452388023332705,
            "min": 0,
            "med": 0,
            "max": 64.878902,
            "p(90)": 0,
            "p(95)": 0
        },
        "http_req_sending": {
            "med": 0.005437,
            "max": 54.496832,
            "p(90)": 0.011452,
            "p(95)": 0.02358,
            "avg": 0.0799840124122905,
            "min": 0.001439
        },
        "iterations": {
            "count": 201091,
            "rate": 6700.92234377765
        },
        "http_req_waiting": {
            "avg": 14.03617526959921,
            "min": 1.492823,
            "med": 12.813842,
            "max": 128.730342,
            "p(90)": 21.525796,
            "p(95)": 25.1939585
        },
        "http_reqs": {
            "count": 201091,
            "rate": 6700.92234377765
        },
        "http_req_blocked": {
            "avg": 0.01587993522335639,
            "min": 0,
            "med": 0.001562,
            "max": 66.038527,
            "p(90)": 0.003185,
            "p(95)": 0.0040135
        },
        "http_req_duration": {
            "p(90)": 22.904171,
            "p(95)": 26.8758005,
            "avg": 14.777557567777993,
            "min": 1.770615,
            "med": 13.357552,
            "max": 128.753864
        },
        "iteration_duration": {
            "min": 1.830289,
            "med": 13.464191,
            "max": 132.481025,
            "p(90)": 23.074761,
            "p(95)": 27.041605,
            "avg": 14.903883179292185
        },
        "data_received": {
            "count": 8451854263,
            "rate": 281639750.5472104
        },
        "data_sent": {
            "count": 28957104,
            "rate": 964932.8175039815
        },
        "http_req_receiving": {
            "avg": 0.6613982857661364,
            "min": 0.013378,
            "med": 0.046581,
            "max": 32.035719,
            "p(90)": 1.762824,
            "p(95)": 5.4759495000000005
        },
        "http_req_failed": {
            "passes": 0,
            "fails": 201091,
            "value": 0
        },
        "http_req_duration{expected_response:true}": {
            "max": 128.753864,
            "p(90)": 22.904171,
            "p(95)": 26.8758005,
            "avg": 14.777557567777993,
            "min": 1.770615,
            "med": 13.357552
        },
        "vus_max": {
            "value": 100,
            "min": 100,
            "max": 100
        },
        "http_req_tls_handshaking": {
            "p(95)": 0,
            "avg": 0,
            "min": 0,
            "med": 0,
            "max": 0,
            "p(90)": 0
        },
        "checks": {
            "passes": 201091,
            "fails": 0,
            "value": 1
        },
        "vus": {
            "min": 100,
            "max": 100,
            "value": 100
        }
    }
}